dataset,method,ratio,variant,cell,shadow_cell,k_train,member_acc,nonmember_acc,acc_gap,best_threshold_auc,shadow_mlp_auc,thr_confidence_auc,thr_neg_entropy_auc,thr_p_true_auc,thr_neg_loss_auc,thr_correct_auc,best_thr_vs_control,shadow_vs_control
cora,control,,,cora_control_whole,citeseer_control_whole,2166,95.57,88.07,7.5,0.5375,0.543,0.5049,0.506,0.5194,0.5194,0.5375,0.0,0.0
cora,kron,0.3,,cora_kron_r0.3,citeseer_kron_r0.3,1516,91.97,85.24,6.73,0.5336,0.52,0.5137,0.5137,0.5238,0.5238,0.5336,-0.0039,-0.023
cora,kron,0.5,,cora_kron_r0.5,citeseer_kron_r0.5,1083,89.13,83.64,5.5,0.5275,0.5315,0.511,0.5115,0.5215,0.5215,0.5275,-0.01,-0.0115
cora,kron,0.7,,cora_kron_r0.7,citeseer_kron_r0.7,650,86.26,84.26,2.0,0.5125,0.5033,0.5124,0.5125,0.5116,0.5116,0.51,-0.025,-0.0397
cora,ugc,0.3,,cora_ugc_r0.3,citeseer_ugc_r0.3,1527,91.2,86.41,4.79,0.5239,0.5078,0.5151,0.515,0.5204,0.5204,0.5239,-0.0136,-0.0352
cora,ugc,0.5,,cora_ugc_r0.5,citeseer_ugc_r0.5,1084,88.2,85.49,2.71,0.5136,0.4995,0.4907,0.4911,0.4938,0.4938,0.5136,-0.0239,-0.0435
cora,ugc,0.7,,cora_ugc_r0.7,citeseer_ugc_r0.7,653,83.67,82.16,1.51,0.5075,0.4916,0.498,0.4979,0.5008,0.5008,0.5075,-0.03,-0.0514
cora,fgc,0.05,,cora_fgc_r0.05,citeseer_fgc_r0.05,106,53.93,51.66,2.26,0.5113,0.4966,0.4978,0.4957,0.5096,0.5096,0.5113,-0.0262,-0.0464
cora,fgc,0.1,,cora_fgc_r0.1,citeseer_fgc_r0.1,206,66.8,61.69,5.12,0.5256,0.4946,0.5004,0.5012,0.514,0.514,0.5256,-0.0119,-0.0484
cora,fgc,0.3,,cora_fgc_r0.3,citeseer_fgc_r0.3,502,83.75,79.15,4.6,0.523,0.5227,0.5133,0.5149,0.5204,0.5204,0.523,-0.0145,-0.0203
cora,goren,0.3,bl,cora_goren_r0.3_bl,citeseer_goren_r0.3_bl,1517,92.25,87.33,4.91,0.5246,0.5255,0.5116,0.5124,0.5224,0.5224,0.5246,-0.0129,-0.0175
cora,goren,0.3,goren,cora_goren_r0.3_goren,citeseer_goren_r0.3_goren,1517,91.26,86.53,4.73,0.5363,0.5379,0.5305,0.5312,0.5363,0.5363,0.5236,-0.0012,-0.0051
cora,goren,0.5,bl,cora_goren_r0.5_bl,citeseer_goren_r0.5_bl,1083,90.12,87.95,2.17,0.5109,0.5058,0.5027,0.5039,0.502,0.502,0.5109,-0.0266,-0.0372
cora,goren,0.5,goren,cora_goren_r0.5_goren,citeseer_goren_r0.5_goren,1083,90.47,87.82,2.65,0.5167,0.511,0.5166,0.5167,0.5152,0.5152,0.5133,-0.0208,-0.032
cora,goren,0.7,bl,cora_goren_r0.7_bl,citeseer_goren_r0.7_bl,651,86.34,84.87,1.46,0.5152,0.5061,0.5134,0.5141,0.5152,0.5152,0.5073,-0.0223,-0.0369
cora,goren,0.7,goren,cora_goren_r0.7_goren,citeseer_goren_r0.7_goren,651,87.33,86.72,0.62,0.5192,0.5098,0.519,0.5192,0.5163,0.5163,0.5031,-0.0183,-0.0332
cora,gcond,0.013,,cora_gcond_r0.013,citeseer_gcond_r0.013,28,58.8,61.62,-2.82,0.4859,0.5168,0.4819,0.4832,0.4815,0.4815,0.4859,-0.0516,-0.0262
cora,gcond,0.026,,cora_gcond_r0.026,citeseer_gcond_r0.026,56,56.2,58.61,-2.41,0.488,0.51,0.4677,0.4696,0.4785,0.4785,0.488,-0.0495,-0.033
cora,gcond,0.052,,cora_gcond_r0.052,citeseer_gcond_r0.052,112,59.13,61.99,-2.87,0.4857,0.5046,0.4814,0.4799,0.4831,0.4831,0.4857,-0.0518,-0.0384
