dataset,method,ratio,variant,cell,attack,auc_mean,auc_std
cora,control,,,cora_control_whole,best_threshold,0.537495,nan
cora,control,,,cora_control_whole,shadow_mlp,0.542998,0.007177
cora,control,,,cora_control_whole,thr_confidence,0.504893,0.001268
cora,control,,,cora_control_whole,thr_neg_entropy,0.506029,0.001284
cora,control,,,cora_control_whole,thr_p_true,0.519366,0.000942
cora,control,,,cora_control_whole,thr_neg_loss,0.519366,0.000942
cora,control,,,cora_control_whole,thr_correct,0.537495,0.001961
cora,kron,0.3,,cora_kron_r0.3,best_threshold,0.533635,nan
cora,kron,0.3,,cora_kron_r0.3,shadow_mlp,0.519969,0.005838
cora,kron,0.3,,cora_kron_r0.3,thr_confidence,0.513718,0.001568
cora,kron,0.3,,cora_kron_r0.3,thr_neg_entropy,0.51373,0.001713
cora,kron,0.3,,cora_kron_r0.3,thr_p_true,0.523849,0.00112
cora,kron,0.3,,cora_kron_r0.3,thr_neg_loss,0.523849,0.00112
cora,kron,0.3,,cora_kron_r0.3,thr_correct,0.533635,0.000678
cora,kron,0.5,,cora_kron_r0.5,best_threshold,0.527471,nan
cora,kron,0.5,,cora_kron_r0.5,shadow_mlp,0.531481,0.007895
cora,kron,0.5,,cora_kron_r0.5,thr_confidence,0.511025,0.001163
cora,kron,0.5,,cora_kron_r0.5,thr_neg_entropy,0.511545,0.000843
cora,kron,0.5,,cora_kron_r0.5,thr_p_true,0.521469,0.00078
cora,kron,0.5,,cora_kron_r0.5,thr_neg_loss,0.521469,0.00078
cora,kron,0.5,,cora_kron_r0.5,thr_correct,0.527471,0.00253
cora,kron,0.7,,cora_kron_r0.7,best_threshold,0.512515,nan
cora,kron,0.7,,cora_kron_r0.7,shadow_mlp,0.503291,0.00835
cora,kron,0.7,,cora_kron_r0.7,thr_confidence,0.512357,0.001433
cora,kron,0.7,,cora_kron_r0.7,thr_neg_entropy,0.512515,0.001664
cora,kron,0.7,,cora_kron_r0.7,thr_p_true,0.511579,0.001768
cora,kron,0.7,,cora_kron_r0.7,thr_neg_loss,0.511579,0.001768
cora,kron,0.7,,cora_kron_r0.7,thr_correct,0.510007,0.000711
cora,ugc,0.3,,cora_ugc_r0.3,best_threshold,0.523945,nan
cora,ugc,0.3,,cora_ugc_r0.3,shadow_mlp,0.507802,0.002463
cora,ugc,0.3,,cora_ugc_r0.3,thr_confidence,0.515079,0.001854
cora,ugc,0.3,,cora_ugc_r0.3,thr_neg_entropy,0.514963,0.00177
cora,ugc,0.3,,cora_ugc_r0.3,thr_p_true,0.52037,0.001535
cora,ugc,0.3,,cora_ugc_r0.3,thr_neg_loss,0.52037,0.001535
cora,ugc,0.3,,cora_ugc_r0.3,thr_correct,0.523945,0.000821
cora,ugc,0.5,,cora_ugc_r0.5,best_threshold,0.513553,nan
cora,ugc,0.5,,cora_ugc_r0.5,shadow_mlp,0.499462,0.000811
cora,ugc,0.5,,cora_ugc_r0.5,thr_confidence,0.490747,0.00132
cora,ugc,0.5,,cora_ugc_r0.5,thr_neg_entropy,0.49113,0.001372
cora,ugc,0.5,,cora_ugc_r0.5,thr_p_true,0.493795,0.001134
cora,ugc,0.5,,cora_ugc_r0.5,thr_neg_loss,0.493795,0.001134
cora,ugc,0.5,,cora_ugc_r0.5,thr_correct,0.513553,0.00296
cora,ugc,0.7,,cora_ugc_r0.7,best_threshold,0.507535,nan
cora,ugc,0.7,,cora_ugc_r0.7,shadow_mlp,0.491613,0.01076
cora,ugc,0.7,,cora_ugc_r0.7,thr_confidence,0.498039,0.001561
cora,ugc,0.7,,cora_ugc_r0.7,thr_neg_entropy,0.497932,0.001619
cora,ugc,0.7,,cora_ugc_r0.7,thr_p_true,0.50081,0.001894
cora,ugc,0.7,,cora_ugc_r0.7,thr_neg_loss,0.50081,0.001894
cora,ugc,0.7,,cora_ugc_r0.7,thr_correct,0.507535,0.000566
cora,fgc,0.05,,cora_fgc_r0.05,best_threshold,0.511319,nan
cora,fgc,0.05,,cora_fgc_r0.05,shadow_mlp,0.496572,0.013096
cora,fgc,0.05,,cora_fgc_r0.05,thr_confidence,0.49777,0.002563
cora,fgc,0.05,,cora_fgc_r0.05,thr_neg_entropy,0.495688,0.001285
cora,fgc,0.05,,cora_fgc_r0.05,thr_p_true,0.509649,0.003945
cora,fgc,0.05,,cora_fgc_r0.05,thr_neg_loss,0.509649,0.003945
cora,fgc,0.05,,cora_fgc_r0.05,thr_correct,0.511319,0.006968
cora,fgc,0.1,,cora_fgc_r0.1,best_threshold,0.5256,nan
cora,fgc,0.1,,cora_fgc_r0.1,shadow_mlp,0.494588,0.019896
cora,fgc,0.1,,cora_fgc_r0.1,thr_confidence,0.500411,0.005644
cora,fgc,0.1,,cora_fgc_r0.1,thr_neg_entropy,0.501184,0.006111
cora,fgc,0.1,,cora_fgc_r0.1,thr_p_true,0.513965,0.002439
cora,fgc,0.1,,cora_fgc_r0.1,thr_neg_loss,0.513965,0.002439
cora,fgc,0.1,,cora_fgc_r0.1,thr_correct,0.5256,0.00251
cora,fgc,0.3,,cora_fgc_r0.3,best_threshold,0.522988,nan
cora,fgc,0.3,,cora_fgc_r0.3,shadow_mlp,0.522737,0.002131
cora,fgc,0.3,,cora_fgc_r0.3,thr_confidence,0.513285,0.002485
cora,fgc,0.3,,cora_fgc_r0.3,thr_neg_entropy,0.514899,0.00254
cora,fgc,0.3,,cora_fgc_r0.3,thr_p_true,0.520397,0.00183
cora,fgc,0.3,,cora_fgc_r0.3,thr_neg_loss,0.520397,0.00183
cora,fgc,0.3,,cora_fgc_r0.3,thr_correct,0.522988,0.000653
cora,goren,0.3,bl,cora_goren_r0.3_bl,best_threshold,0.524564,nan
cora,goren,0.3,bl,cora_goren_r0.3_bl,shadow_mlp,0.52551,0.001774
cora,goren,0.3,bl,cora_goren_r0.3_bl,thr_confidence,0.51158,0.002284
cora,goren,0.3,bl,cora_goren_r0.3_bl,thr_neg_entropy,0.512407,0.002217
cora,goren,0.3,bl,cora_goren_r0.3_bl,thr_p_true,0.522446,0.002181
cora,goren,0.3,bl,cora_goren_r0.3_bl,thr_neg_loss,0.522446,0.002181
cora,goren,0.3,bl,cora_goren_r0.3_bl,thr_correct,0.524564,0.001905
cora,goren,0.3,goren,cora_goren_r0.3_goren,best_threshold,0.536282,nan
cora,goren,0.3,goren,cora_goren_r0.3_goren,shadow_mlp,0.537872,0.006042
cora,goren,0.3,goren,cora_goren_r0.3_goren,thr_confidence,0.530477,0.003031
cora,goren,0.3,goren,cora_goren_r0.3_goren,thr_neg_entropy,0.531179,0.003006
cora,goren,0.3,goren,cora_goren_r0.3_goren,thr_p_true,0.536282,0.002484
cora,goren,0.3,goren,cora_goren_r0.3_goren,thr_neg_loss,0.536282,0.002484
cora,goren,0.3,goren,cora_goren_r0.3_goren,thr_correct,0.523637,0.001932
cora,goren,0.5,bl,cora_goren_r0.5_bl,best_threshold,0.510871,nan
cora,goren,0.5,bl,cora_goren_r0.5_bl,shadow_mlp,0.505777,0.006505
cora,goren,0.5,bl,cora_goren_r0.5_bl,thr_confidence,0.502665,0.001733
cora,goren,0.5,bl,cora_goren_r0.5_bl,thr_neg_entropy,0.50388,0.001661
cora,goren,0.5,bl,cora_goren_r0.5_bl,thr_p_true,0.501957,0.002248
cora,goren,0.5,bl,cora_goren_r0.5_bl,thr_neg_loss,0.501957,0.002248
cora,goren,0.5,bl,cora_goren_r0.5_bl,thr_correct,0.510871,0.002263
cora,goren,0.5,goren,cora_goren_r0.5_goren,best_threshold,0.516696,nan
cora,goren,0.5,goren,cora_goren_r0.5_goren,shadow_mlp,0.510983,0.005676
cora,goren,0.5,goren,cora_goren_r0.5_goren,thr_confidence,0.516634,0.002019
cora,goren,0.5,goren,cora_goren_r0.5_goren,thr_neg_entropy,0.516696,0.0021
cora,goren,0.5,goren,cora_goren_r0.5_goren,thr_p_true,0.515224,0.002177
cora,goren,0.5,goren,cora_goren_r0.5_goren,thr_neg_loss,0.515224,0.002177
cora,goren,0.5,goren,cora_goren_r0.5_goren,thr_correct,0.513256,0.001071
cora,goren,0.7,bl,cora_goren_r0.7_bl,best_threshold,0.515243,nan
cora,goren,0.7,bl,cora_goren_r0.7_bl,shadow_mlp,0.506103,0.004347
cora,goren,0.7,bl,cora_goren_r0.7_bl,thr_confidence,0.513352,0.001797
cora,goren,0.7,bl,cora_goren_r0.7_bl,thr_neg_entropy,0.51413,0.001749
cora,goren,0.7,bl,cora_goren_r0.7_bl,thr_p_true,0.515243,0.001143
cora,goren,0.7,bl,cora_goren_r0.7_bl,thr_neg_loss,0.515243,0.001143
cora,goren,0.7,bl,cora_goren_r0.7_bl,thr_correct,0.507317,0.002291
cora,goren,0.7,goren,cora_goren_r0.7_goren,best_threshold,0.519242,nan
cora,goren,0.7,goren,cora_goren_r0.7_goren,shadow_mlp,0.509813,0.007838
cora,goren,0.7,goren,cora_goren_r0.7_goren,thr_confidence,0.519016,0.001981
cora,goren,0.7,goren,cora_goren_r0.7_goren,thr_neg_entropy,0.519242,0.001842
cora,goren,0.7,goren,cora_goren_r0.7_goren,thr_p_true,0.516348,0.001068
cora,goren,0.7,goren,cora_goren_r0.7_goren,thr_neg_loss,0.516348,0.001068
cora,goren,0.7,goren,cora_goren_r0.7_goren,thr_correct,0.503093,0.00089
cora,gcond,0.013,,cora_gcond_r0.013,best_threshold,0.485895,nan
cora,gcond,0.013,,cora_gcond_r0.013,shadow_mlp,0.516774,0.007649
cora,gcond,0.013,,cora_gcond_r0.013,thr_confidence,0.481901,0.002983
cora,gcond,0.013,,cora_gcond_r0.013,thr_neg_entropy,0.48323,0.001238
cora,gcond,0.013,,cora_gcond_r0.013,thr_p_true,0.481546,0.002934
cora,gcond,0.013,,cora_gcond_r0.013,thr_neg_loss,0.481546,0.002934
cora,gcond,0.013,,cora_gcond_r0.013,thr_correct,0.485895,0.006269
cora,gcond,0.026,,cora_gcond_r0.026,best_threshold,0.487959,nan
cora,gcond,0.026,,cora_gcond_r0.026,shadow_mlp,0.509962,0.008874
cora,gcond,0.026,,cora_gcond_r0.026,thr_confidence,0.467707,0.006749
cora,gcond,0.026,,cora_gcond_r0.026,thr_neg_entropy,0.469603,0.001955
cora,gcond,0.026,,cora_gcond_r0.026,thr_p_true,0.478548,0.00216
cora,gcond,0.026,,cora_gcond_r0.026,thr_neg_loss,0.478548,0.00216
cora,gcond,0.026,,cora_gcond_r0.026,thr_correct,0.487959,0.003169
cora,gcond,0.052,,cora_gcond_r0.052,best_threshold,0.485666,nan
cora,gcond,0.052,,cora_gcond_r0.052,shadow_mlp,0.504575,0.009672
cora,gcond,0.052,,cora_gcond_r0.052,thr_confidence,0.481432,0.007758
cora,gcond,0.052,,cora_gcond_r0.052,thr_neg_entropy,0.479928,0.003242
cora,gcond,0.052,,cora_gcond_r0.052,thr_p_true,0.483066,0.001597
cora,gcond,0.052,,cora_gcond_r0.052,thr_neg_loss,0.483066,0.001597
cora,gcond,0.052,,cora_gcond_r0.052,thr_correct,0.485666,0.004244
