dataset,method,ratio,variant,cell,box_acc,auc_mean_over_feats,auc_feat2568,auc_feat65,auc_feat729
citeseer,control,,,citeseer_control_whole,92.41,0.7143,0.5136,0.8785,0.7509
citeseer,kron,0.3,,citeseer_kron_r0.3,85.67,0.7181,0.5292,0.8809,0.7442
citeseer,kron,0.5,,citeseer_kron_r0.5,81.71,0.7099,0.5209,0.8702,0.7387
citeseer,kron,0.7,,citeseer_kron_r0.7,78.18,0.7195,0.517,0.8759,0.7656
citeseer,ugc,0.3,,citeseer_ugc_r0.3,82.6,0.7087,0.5195,0.8695,0.737
citeseer,ugc,0.5,,citeseer_ugc_r0.5,77.94,0.704,0.512,0.8622,0.7377
citeseer,ugc,0.7,,citeseer_ugc_r0.7,73.28,0.7038,0.5031,0.8688,0.7395
citeseer,fgc,0.05,,citeseer_fgc_r0.05,56.3,0.7168,0.5106,0.8908,0.7489
citeseer,fgc,0.1,,citeseer_fgc_r0.1,69.96,0.7239,0.5312,0.8741,0.7665
citeseer,fgc,0.3,,citeseer_fgc_r0.3,72.35,0.7073,0.5225,0.8729,0.7265
citeseer,goren,0.3,bl,citeseer_goren_r0.3_bl,85.84,0.705,0.5066,0.8672,0.7411
citeseer,goren,0.3,goren,citeseer_goren_r0.3_goren,85.44,0.7077,0.5093,0.866,0.7477
citeseer,goren,0.5,bl,citeseer_goren_r0.5_bl,81.23,0.6948,0.4965,0.8652,0.7227
citeseer,goren,0.5,goren,citeseer_goren_r0.5_goren,81.87,0.7,0.509,0.859,0.7319
citeseer,goren,0.7,bl,citeseer_goren_r0.7_bl,75.05,0.7002,0.5076,0.871,0.7219
citeseer,goren,0.7,goren,citeseer_goren_r0.7_goren,79.95,0.7013,0.4907,0.8774,0.7359
citeseer,gcond,0.013,,citeseer_gcond_r0.013,62.49,0.7477,0.545,0.9166,0.7816
citeseer,gcond,0.026,,citeseer_gcond_r0.026,49.8,0.7385,0.538,0.9045,0.773
