dataset,method,ratio,variant,cell,feat_idx,pos_rate,box_acc,auc_mean,auc_std,accuracy_mean,majority_baseline,auc_vs_control
citeseer,control,,,citeseer_control_whole,2568,0.2115,92.41,0.5136,0.0238,0.7885,0.7885,0.0
citeseer,control,,,citeseer_control_whole,65,0.2013,92.41,0.8785,0.013,0.8752,0.7987,0.0
citeseer,control,,,citeseer_control_whole,729,0.1959,92.41,0.7509,0.0021,0.8005,0.8041,0.0
citeseer,kron,0.3,,citeseer_kron_r0.3,2568,0.2115,85.67,0.5292,0.015,0.7885,0.7885,0.0157
citeseer,kron,0.3,,citeseer_kron_r0.3,65,0.2013,85.67,0.8809,0.0135,0.8846,0.7987,0.0023
citeseer,kron,0.3,,citeseer_kron_r0.3,729,0.1959,85.67,0.7442,0.0088,0.8011,0.8041,-0.0067
citeseer,kron,0.5,,citeseer_kron_r0.5,2568,0.2115,81.71,0.5209,0.0175,0.7885,0.7885,0.0074
citeseer,kron,0.5,,citeseer_kron_r0.5,65,0.2013,81.71,0.8702,0.0162,0.8844,0.7987,-0.0083
citeseer,kron,0.5,,citeseer_kron_r0.5,729,0.1959,81.71,0.7387,0.0066,0.8051,0.8041,-0.0122
citeseer,kron,0.7,,citeseer_kron_r0.7,2568,0.2115,78.18,0.517,0.0079,0.7885,0.7885,0.0035
citeseer,kron,0.7,,citeseer_kron_r0.7,65,0.2013,78.18,0.8759,0.0116,0.8824,0.7987,-0.0027
citeseer,kron,0.7,,citeseer_kron_r0.7,729,0.1959,78.18,0.7656,0.0087,0.7983,0.8041,0.0147
citeseer,ugc,0.3,,citeseer_ugc_r0.3,2568,0.2115,82.6,0.5195,0.0117,0.7885,0.7885,0.006
citeseer,ugc,0.3,,citeseer_ugc_r0.3,65,0.2013,82.6,0.8695,0.0113,0.8816,0.7987,-0.009
citeseer,ugc,0.3,,citeseer_ugc_r0.3,729,0.1959,82.6,0.737,0.0017,0.7967,0.8041,-0.0139
citeseer,ugc,0.5,,citeseer_ugc_r0.5,2568,0.2115,77.94,0.512,0.0174,0.7885,0.7885,-0.0015
citeseer,ugc,0.5,,citeseer_ugc_r0.5,65,0.2013,77.94,0.8622,0.0138,0.8838,0.7987,-0.0163
citeseer,ugc,0.5,,citeseer_ugc_r0.5,729,0.1959,77.94,0.7377,0.005,0.7987,0.8041,-0.0132
citeseer,ugc,0.7,,citeseer_ugc_r0.7,2568,0.2115,73.28,0.5031,0.0165,0.7885,0.7885,-0.0105
citeseer,ugc,0.7,,citeseer_ugc_r0.7,65,0.2013,73.28,0.8688,0.0114,0.8818,0.7987,-0.0098
citeseer,ugc,0.7,,citeseer_ugc_r0.7,729,0.1959,73.28,0.7395,0.0104,0.8041,0.8041,-0.0114
citeseer,fgc,0.05,,citeseer_fgc_r0.05,2568,0.2115,56.3,0.5106,0.0063,0.7885,0.7885,-0.0029
citeseer,fgc,0.05,,citeseer_fgc_r0.05,65,0.2013,56.3,0.8908,0.0115,0.8606,0.7987,0.0122
citeseer,fgc,0.05,,citeseer_fgc_r0.05,729,0.1959,56.3,0.7489,0.0067,0.8033,0.8041,-0.0021
citeseer,fgc,0.1,,citeseer_fgc_r0.1,2568,0.2115,69.96,0.5312,0.012,0.7885,0.7885,0.0176
citeseer,fgc,0.1,,citeseer_fgc_r0.1,65,0.2013,69.96,0.8741,0.0113,0.8744,0.7987,-0.0044
citeseer,fgc,0.1,,citeseer_fgc_r0.1,729,0.1959,69.96,0.7665,0.0006,0.8031,0.8041,0.0156
citeseer,fgc,0.3,,citeseer_fgc_r0.3,2568,0.2115,72.35,0.5225,0.0049,0.7885,0.7885,0.009
citeseer,fgc,0.3,,citeseer_fgc_r0.3,65,0.2013,72.35,0.8729,0.0114,0.8802,0.7987,-0.0056
citeseer,fgc,0.3,,citeseer_fgc_r0.3,729,0.1959,72.35,0.7265,0.0092,0.8017,0.8041,-0.0244
citeseer,goren,0.3,bl,citeseer_goren_r0.3_bl,2568,0.2115,85.84,0.5066,0.0098,0.7885,0.7885,-0.0069
citeseer,goren,0.3,bl,citeseer_goren_r0.3_bl,65,0.2013,85.84,0.8672,0.0153,0.879,0.7987,-0.0113
citeseer,goren,0.3,bl,citeseer_goren_r0.3_bl,729,0.1959,85.84,0.7411,0.0104,0.8031,0.8041,-0.0098
citeseer,goren,0.3,goren,citeseer_goren_r0.3_goren,2568,0.2115,85.44,0.5093,0.016,0.7885,0.7885,-0.0043
citeseer,goren,0.3,goren,citeseer_goren_r0.3_goren,65,0.2013,85.44,0.866,0.0186,0.886,0.7987,-0.0125
citeseer,goren,0.3,goren,citeseer_goren_r0.3_goren,729,0.1959,85.44,0.7477,0.0055,0.8063,0.8041,-0.0032
citeseer,goren,0.5,bl,citeseer_goren_r0.5_bl,2568,0.2115,81.23,0.4965,0.0019,0.7879,0.7885,-0.0171
citeseer,goren,0.5,bl,citeseer_goren_r0.5_bl,65,0.2013,81.23,0.8652,0.0203,0.8828,0.7987,-0.0133
citeseer,goren,0.5,bl,citeseer_goren_r0.5_bl,729,0.1959,81.23,0.7227,0.0103,0.8031,0.8041,-0.0282
citeseer,goren,0.5,goren,citeseer_goren_r0.5_goren,2568,0.2115,81.87,0.509,0.0144,0.7885,0.7885,-0.0046
citeseer,goren,0.5,goren,citeseer_goren_r0.5_goren,65,0.2013,81.87,0.859,0.0165,0.8856,0.7987,-0.0195
citeseer,goren,0.5,goren,citeseer_goren_r0.5_goren,729,0.1959,81.87,0.7319,0.0113,0.8031,0.8041,-0.0191
citeseer,goren,0.7,bl,citeseer_goren_r0.7_bl,2568,0.2115,75.05,0.5076,0.0076,0.7885,0.7885,-0.0059
citeseer,goren,0.7,bl,citeseer_goren_r0.7_bl,65,0.2013,75.05,0.871,0.013,0.8832,0.7987,-0.0075
citeseer,goren,0.7,bl,citeseer_goren_r0.7_bl,729,0.1959,75.05,0.7219,0.0141,0.8041,0.8041,-0.0291
citeseer,goren,0.7,goren,citeseer_goren_r0.7_goren,2568,0.2115,79.95,0.4907,0.0062,0.7885,0.7885,-0.0229
citeseer,goren,0.7,goren,citeseer_goren_r0.7_goren,65,0.2013,79.95,0.8774,0.0125,0.8984,0.7987,-0.0011
citeseer,goren,0.7,goren,citeseer_goren_r0.7_goren,729,0.1959,79.95,0.7359,0.0125,0.8053,0.8041,-0.015
citeseer,gcond,0.013,,citeseer_gcond_r0.013,2568,0.2115,62.49,0.545,0.007,0.7883,0.7885,0.0314
citeseer,gcond,0.013,,citeseer_gcond_r0.013,65,0.2013,62.49,0.9166,0.012,0.899,0.7987,0.0381
citeseer,gcond,0.013,,citeseer_gcond_r0.013,729,0.1959,62.49,0.7816,0.0048,0.8133,0.8041,0.0306
citeseer,gcond,0.026,,citeseer_gcond_r0.026,2568,0.2115,49.8,0.538,0.0065,0.7883,0.7885,0.0244
citeseer,gcond,0.026,,citeseer_gcond_r0.026,65,0.2013,49.8,0.9045,0.0104,0.8922,0.7987,0.026
citeseer,gcond,0.026,,citeseer_gcond_r0.026,729,0.1959,49.8,0.773,0.0024,0.8119,0.8041,0.0221
