dataset,method,ratio,variant,cell,box_acc,auc_mean_over_feats,auc_feat1177,auc_feat1263,auc_feat507
cora,control,,,cora_control_whole,96.63,0.6555,0.5334,0.7562,0.6769
cora,kron,0.3,,cora_kron_r0.3,93.0,0.6519,0.5475,0.7415,0.6667
cora,kron,0.5,,cora_kron_r0.5,89.71,0.6538,0.5465,0.7436,0.6714
cora,kron,0.7,,cora_kron_r0.7,86.83,0.6594,0.5538,0.7415,0.6828
cora,ugc,0.3,,cora_ugc_r0.3,90.99,0.6592,0.5388,0.7518,0.6869
cora,ugc,0.5,,cora_ugc_r0.5,88.07,0.6645,0.5462,0.7587,0.6885
cora,ugc,0.7,,cora_ugc_r0.7,83.89,0.6622,0.5505,0.7511,0.6849
cora,fgc,0.05,,cora_fgc_r0.05,45.6,0.6312,0.573,0.6961,0.6245
cora,fgc,0.1,,cora_fgc_r0.1,77.4,0.6615,0.5518,0.7435,0.689
cora,fgc,0.3,,cora_fgc_r0.3,83.64,0.6676,0.5476,0.7528,0.7024
cora,goren,0.3,bl,cora_goren_r0.3_bl,92.56,0.6571,0.5402,0.7528,0.6782
cora,goren,0.3,goren,cora_goren_r0.3_goren,92.27,0.6564,0.5357,0.7516,0.6818
cora,goren,0.5,bl,cora_goren_r0.5_bl,90.1,0.6574,0.545,0.752,0.675
cora,goren,0.5,goren,cora_goren_r0.5_goren,90.0,0.6664,0.5587,0.7554,0.6851
cora,goren,0.7,bl,cora_goren_r0.7_bl,84.54,0.6602,0.5617,0.7488,0.6702
cora,goren,0.7,goren,cora_goren_r0.7_goren,88.0,0.6614,0.5496,0.7533,0.6814
cora,gcond,0.013,,cora_gcond_r0.013,46.48,0.6751,0.5752,0.7542,0.696
cora,gcond,0.026,,cora_gcond_r0.026,59.93,0.68,0.5774,0.7666,0.696
cora,gcond,0.052,,cora_gcond_r0.052,18.93,0.6867,0.5783,0.7731,0.7086
