dataset,method,ratio,variant,cell,box_acc,auc_mean_over_feats,auc_feat0
german,control,,,german_control_whole,72.4,0.7151,0.7151
german,kron,0.3,,german_kron_r0.3,70.77,0.619,0.619
german,kron,0.5,,german_kron_r0.5,68.3,0.7285,0.7285
german,kron,0.7,,german_kron_r0.7,61.63,0.8196,0.8196
german,ugc,0.3,,german_ugc_r0.3,68.7,0.6227,0.6227
german,ugc,0.5,,german_ugc_r0.5,66.67,0.6856,0.6856
german,ugc,0.7,,german_ugc_r0.7,70.0,0.5356,0.5356
german,fgc,0.05,,german_fgc_r0.05,70.0,0.6179,0.6179
german,fgc,0.1,,german_fgc_r0.1,68.23,0.5825,0.5825
german,fgc,0.3,,german_fgc_r0.3,68.4,0.6447,0.6447
german,goren,0.3,bl,german_goren_r0.3_bl,69.37,0.723,0.723
german,goren,0.3,goren,german_goren_r0.3_goren,69.5,0.7462,0.7462
german,goren,0.5,bl,german_goren_r0.5_bl,67.47,0.6904,0.6904
german,goren,0.5,goren,german_goren_r0.5_goren,70.07,0.6879,0.6879
german,goren,0.7,bl,german_goren_r0.7_bl,68.2,0.6926,0.6926
german,goren,0.7,goren,german_goren_r0.7_goren,69.87,0.7709,0.7709
german,gcond,0.013,,german_gcond_r0.013,50.27,0.8632,0.8632
german,gcond,0.026,,german_gcond_r0.026,53.2,0.8524,0.8524
german,gcond,0.052,,german_gcond_r0.052,61.97,0.8335,0.8335
